id,datetime,platform,orbit_direction,relative_orbit,polarization,instrument_mode,product_type,source,period,bbox
S1A_IW_GRDH_1SDV_20241026T175501_20241026T175526_056277_06E43E,2024-10-26T17:55:13.532065Z,sentinel-1a,ascending,30,"['VV', 'VH']",IW,GRD,https://earth-search.aws.element84.com/v1,pre-event,"[-1.1252867, 39.2022299, 2.10001, 41.0945001]"
S1A_IW_GRDH_1SDV_20241026T175436_20241026T175501_056277_06E43E,2024-10-26T17:54:48.532209Z,sentinel-1a,ascending,30,"['VV', 'VH']",IW,GRD,https://earth-search.aws.element84.com/v1,pre-event,"[-0.774132, 37.6983204, 2.4071369, 39.5934644]"
S1A_IW_GRDH_1SDV_20241025T061041_20241025T061106_056255_06E360,2024-10-25T06:10:54.066442Z,sentinel-1a,descending,8,"['VV', 'VH']",IW,GRD,https://earth-search.aws.element84.com/v1,pre-event,"[-3.1223753, 37.7403959, 0.0746372, 39.6369899]"
S1A_IW_GRDH_1SDV_20241025T061016_20241025T061041_056255_06E360,2024-10-25T06:10:29.066876Z,sentinel-1a,descending,8,"['VV', 'VH']",IW,GRD,https://earth-search.aws.element84.com/v1,pre-event,"[-2.811808, 39.2443803, 0.4435571, 41.1388022]"
S1A_IW_GRDH_1SDV_20241020T060232_20241020T060257_056182_06E074,2024-10-20T06:02:44.757665Z,sentinel-1a,descending,110,"['VV', 'VH']",IW,GRD,https://earth-search.aws.element84.com/v1,pre-event,"[-1.1082909, 37.5162479, 2.0735744, 39.4122756]"
S1A_IW_GRDH_1SDV_20241020T060207_20241020T060232_056182_06E074,2024-10-20T06:02:19.757291Z,sentinel-1a,descending,110,"['VV', 'VH']",IW,GRD,https://earth-search.aws.element84.com/v1,pre-event,"[-0.8037896, 39.0197131, 2.4486464, 40.914376]"
S1A_IW_GRDH_1SDV_20241019T180256_20241019T180321_056175_06E02E,2024-10-19T18:03:08.670225Z,sentinel-1a,ascending,103,"['VV', 'VH']",IW,GRD,https://earth-search.aws.element84.com/v1,pre-event,"[-2.9127805, 38.0674501, 0.2719225, 39.9588897]"
S1A_IW_GRDH_1SDV_20241014T175501_20241014T175526_056102_06DD4A,2024-10-14T17:55:13.776984Z,sentinel-1a,ascending,30,"['VV', 'VH']",IW,GRD,https://earth-search.aws.element84.com/v1,pre-event,"[-1.124473, 39.2028177, 2.0998861, 41.0946113]"
S1A_IW_GRDH_1SDV_20241014T175436_20241014T175501_056102_06DD4A,2024-10-14T17:54:48.777361Z,sentinel-1a,ascending,30,"['VV', 'VH']",IW,GRD,https://earth-search.aws.element84.com/v1,pre-event,"[-0.7738537, 37.6988652, 2.4073972, 39.5935808]"
S1A_IW_GRDH_1SDV_20241013T061041_20241013T061106_056080_06DC6A,2024-10-13T06:10:54.367038Z,sentinel-1a,descending,8,"['VV', 'VH']",IW,GRD,https://earth-search.aws.element84.com/v1,pre-event,"[-3.1235189, 37.7407321, 0.0735648, 39.6369179]"
S1A_IW_GRDH_1SDV_20241013T061016_20241013T061041_056080_06DC6A,2024-10-13T06:10:29.367018Z,sentinel-1a,descending,8,"['VV', 'VH']",IW,GRD,https://earth-search.aws.element84.com/v1,pre-event,"[-2.8129287, 39.2444096, 0.4423956, 41.1388079]"
S1A_IW_GRDH_1SDV_20241008T060232_20241008T060257_056007_06D989,2024-10-08T06:02:45.071434Z,sentinel-1a,descending,110,"['VV', 'VH']",IW,GRD,https://earth-search.aws.element84.com/v1,pre-event,"[-1.1098486, 37.5160701, 2.071997, 39.412086]"
S1A_IW_GRDH_1SDV_20241008T060207_20241008T060232_056007_06D989,2024-10-08T06:02:20.071271Z,sentinel-1a,descending,110,"['VV', 'VH']",IW,GRD,https://earth-search.aws.element84.com/v1,pre-event,"[-0.8050033, 39.019984, 2.4465155, 40.914188]"
S1A_IW_GRDH_1SDV_20241007T180256_20241007T180321_056000_06D943,2024-10-07T18:03:08.954806Z,sentinel-1a,ascending,103,"['VV', 'VH']",IW,GRD,https://earth-search.aws.element84.com/v1,pre-event,"[-2.9155154, 38.0670725, 0.2695033, 39.9588691]"
S1A_IW_GRDH_1SDV_20241002T175500_20241002T175525_055927_06D668,2024-10-02T17:55:13.396301Z,sentinel-1a,ascending,30,"['VV', 'VH']",IW,GRD,https://earth-search.aws.element84.com/v1,pre-event,"[-1.1237326, 39.2027276, 2.101529, 41.0945531]"
S1A_IW_GRDH_1SDV_20241002T175435_20241002T175500_055927_06D668,2024-10-02T17:54:48.396627Z,sentinel-1a,ascending,30,"['VV', 'VH']",IW,GRD,https://earth-search.aws.element84.com/v1,pre-event,"[-0.7729293, 37.6986862, 2.4079448, 39.5934262]"
S1A_IW_GRDH_1SDV_20241001T061041_20241001T061106_055905_06D589,2024-10-01T06:10:54.243369Z,sentinel-1a,descending,8,"['VV', 'VH']",IW,GRD,https://earth-search.aws.element84.com/v1,pre-event,"[-3.1249561, 37.7406207, 0.0720973, 39.6367886]"
S1A_IW_GRDH_1SDV_20241001T061016_20241001T061041_055905_06D589,2024-10-01T06:10:29.243269Z,sentinel-1a,descending,8,"['VV', 'VH']",IW,GRD,https://earth-search.aws.element84.com/v1,pre-event,"[-2.8142518, 39.2442408, 0.4409927, 41.1385925]"
S1A_IW_GRDH_1SDV_20241113T060231_20241113T060256_056532_06EE5B_D29B_COG,2024-11-13T06:02:31.491930Z,sentinel-1a,descending,110,"['VV', 'VH']",IW,,https://catalogue.dataspace.copernicus.eu/stac,post-event,"[-1.225853, 37.514286, 2.093228, 39.426277]"
S1A_IW_GRDH_1SDV_20241113T060206_20241113T060231_056532_06EE5B_FC67_COG,2024-11-13T06:02:06.491539Z,sentinel-1a,descending,110,"['VV', 'VH']",IW,,https://catalogue.dataspace.copernicus.eu/stac,post-event,"[-0.917792, 39.017002, 2.473272, 40.927094]"
S1A_IW_GRDH_1SDV_20241112T180255_20241112T180320_056525_06EE16_C306_COG,2024-11-12T18:02:55.367611Z,sentinel-1a,ascending,103,"['VV', 'VH']",IW,,https://catalogue.dataspace.copernicus.eu/stac,post-event,"[-2.922747, 38.065193, 0.387278, 39.970974]"
S1A_IW_GRDH_1SDV_20241107T175500_20241107T175525_056452_06EB2B_58B8_COG,2024-11-07T17:55:00.834226Z,sentinel-1a,ascending,30,"['VV', 'VH']",IW,,https://catalogue.dataspace.copernicus.eu/stac,post-event,"[-1.156949, 39.199474, 2.192328, 41.107441]"
S1A_IW_GRDH_1SDV_20241107T175435_20241107T175500_056452_06EB2B_51AF_COG,2024-11-07T17:54:35.835331Z,sentinel-1a,ascending,30,"['VV', 'VH']",IW,,https://catalogue.dataspace.copernicus.eu/stac,post-event,"[-0.793714, 37.696507, 2.499457, 39.604561]"
S1A_IW_GRDH_1SDV_20241106T061041_20241106T061106_056430_06EA4C_481E_COG,2024-11-06T06:10:41.549208Z,sentinel-1a,descending,8,"['VV', 'VH']",IW,,https://catalogue.dataspace.copernicus.eu/stac,post-event,"[-3.241705, 37.738777, 0.094543, 39.652023]"
S1A_IW_GRDH_1SDV_20241106T061016_20241106T061041_056430_06EA4C_12FD_COG,2024-11-06T06:10:16.548322Z,sentinel-1a,descending,8,"['VV', 'VH']",IW,,https://catalogue.dataspace.copernicus.eu/stac,post-event,"[-2.935477, 39.241745, 0.464572, 41.15411]"
S1A_IW_GRDH_1SDV_20241101T060232_20241101T060257_056357_06E766_6949_COG,2024-11-01T06:02:32.166518Z,sentinel-1a,descending,110,"['VV', 'VH']",IW,,https://catalogue.dataspace.copernicus.eu/stac,post-event,"[-1.227396, 37.514103, 2.091578, 39.426174]"
S1A_IW_GRDH_1SDV_20241101T060207_20241101T060232_056357_06E766_9042_COG,2024-11-01T06:02:07.165906Z,sentinel-1a,descending,110,"['VV', 'VH']",IW,,https://catalogue.dataspace.copernicus.eu/stac,post-event,"[-0.919211, 39.016933, 2.471611, 40.926998]"
S1A_IW_GRDH_1SDV_20241031T180256_20241031T180321_056350_06E71E_CF17_COG,2024-10-31T18:02:56.112928Z,sentinel-1a,ascending,103,"['VV', 'VH']",IW,,https://catalogue.dataspace.copernicus.eu/stac,post-event,"[-2.923936, 38.065212, 0.386096, 39.970978]"
